{
  "0": 9308172, 
  "1": 1265074, 
  "2": 839986, 
  "3": 791885.0, 
  "4": 609554.8, 
  "5": 3231891.0, 
  "6": 717708.7999999999, 
  "7": 3900128.0, 
  "8": 1589316, 
  "9": 3286717.0, 
  "10": 525980.0, 
  "11": 5429962.0, 
  "12": 1783370.0, 
  "13": 3005553.0, 
  "14": 7163723.199999999, 
  "15": 7865847.0, 
  "16": 159445.6, 
  "17": 1644365.0, 
  "18": 605007.8, 
  "19": 6126220.0, 
  "20": 276116.60000000003, 
  "21": 8741489.0, 
  "22": 366623.0, 
  "23": 3470455.0, 
  "24": 2649208.2, 
  "25": 11249967.0, 
  "26": 233413.79999999996, 
  "27": 2917073.0, 
  "28": 453055.20000000007, 
  "29": 3579490.0, 
  "30": 296539.0, 
  "31": 7698747.0, 
  "32": 1431658.0, 
  "33": 1060965.0, 
  "34": 310504.19999999995, 
  "35": 1252617.0, 
  "36": 1123617, 
  "37": 2104626.0, 
  "38": 1589408, 
  "39": 5867782.0, 
  "40": 1088144.5999999999, 
  "41": 5182461.0, 
  "42": 966547, 
  "43": 3277498, 
  "44": 2834155.8, 
  "45": 14158498.0, 
  "46": 1538284.6, 
  "47": 15205492.0, 
  "48": 611669.0, 
  "49": 1501819.4000000001, 
  "50": 292585.0, 
  "51": 3093735.0, 
  "52": 3369448.5999999996, 
  "53": 2460409.0, 
  "54": 796148.5999999999, 
  "55": 3918718.0, 
  "56": 750325.8, 
  "57": 2614472.0, 
  "58": 1838383.0, 
  "59": 3152485.0, 
  "60": 1895860.2, 
  "61": 2874815.0, 
  "62": 864580.2000000002, 
  "63": 4628326.0, 
  "64": 126650.59999999998, 
  "65": 1076670.2000000002, 
  "66": 1060596.8, 
  "67": 2408380.0, 
  "68": 499438.6, 
  "69": 1256199.0, 
  "70": 1052207.4000000001, 
  "71": 1433958.3999999997, 
  "72": 663839.2000000001, 
  "73": 2806942.0, 
  "74": 153858.0, 
  "75": 4797129.0, 
  "76": 671101.7999999999, 
  "77": 2755295.0, 
  "78": 357321.20000000007, 
  "79": 2580114.0, 
  "80": 945985.8000000002, 
  "81": 1351547.0, 
  "82": 839972.6, 
  "83": 1874649.0, 
  "84": 432651, 
  "85": 11521515.0, 
  "86": 1905840.8, 
  "87": 1983426.0, 
  "88": 833322.8, 
  "89": 2896908.0, 
  "90": 2713973.4000000004, 
  "91": 1341964.0, 
  "92": 359771.2, 
  "93": 15698432.0, 
  "94": 382985.39999999997, 
  "95": 5068096.0, 
  "96": 1891147, 
  "97": 673775.0, 
  "98": 1177895.0, 
  "99": 1492984.0
}